section_id,division,traffic_density_gmt,max_speed_kmh
BPL-DIV-SEC-001,Bhopal,134,100
BPL-DIV-SEC-002,Bhopal,115,100
BPL-DIV-SEC-003,Bhopal,139,130
BPL-DIV-SEC-004,Bhopal,165,100
BPL-DIV-SEC-005,Bhopal,112,100
BPL-DIV-SEC-006,Bhopal,112,100
BPL-DIV-SEC-007,Bhopal,167,130
BPL-DIV-SEC-008,Bhopal,143,100
BPL-DIV-SEC-009,Bhopal,105,160
BPL-DIV-SEC-010,Bhopal,136,100
BPL-DIV-SEC-011,Bhopal,106,160
BPL-DIV-SEC-012,Bhopal,106,160
BPL-DIV-SEC-013,Bhopal,127,160
BPL-DIV-SEC-014,Bhopal,62,130
BPL-DIV-SEC-015,Bhopal,68,130
BPL-DIV-SEC-016,Bhopal,103,130
BPL-DIV-SEC-017,Bhopal,89,100
BPL-DIV-SEC-018,Bhopal,129,160
BPL-DIV-SEC-019,Bhopal,92,130
BPL-DIV-SEC-020,Bhopal,77,130
BPL-DIV-SEC-021,Bhopal,163,100
BPL-DIV-SEC-022,Bhopal,113,130
BPL-DIV-SEC-023,Bhopal,122,100
BPL-DIV-SEC-024,Bhopal,77,110
BPL-DIV-SEC-025,Bhopal,103,130
BPL-DIV-SEC-026,Bhopal,123,110
BPL-DIV-SEC-027,Bhopal,85,100
BPL-DIV-SEC-028,Bhopal,131,160
BPL-DIV-SEC-029,Bhopal,101,130
BPL-DIV-SEC-030,Bhopal,111,100
BPL-DIV-SEC-031,Bhopal,101,160
BPL-DIV-SEC-032,Bhopal,175,160
BPL-DIV-SEC-033,Bhopal,119,110
BPL-DIV-SEC-034,Bhopal,88,100
BPL-DIV-SEC-035,Bhopal,144,160
BPL-DIV-SEC-036,Bhopal,83,130
BPL-DIV-SEC-037,Bhopal,126,130
BPL-DIV-SEC-038,Bhopal,61,110
BPL-DIV-SEC-039,Bhopal,80,160
BPL-DIV-SEC-040,Bhopal,125,100
BPL-DIV-SEC-041,Bhopal,142,130
BPL-DIV-SEC-042,Bhopal,125,160
BPL-DIV-SEC-043,Bhopal,116,160
BPL-DIV-SEC-044,Bhopal,110,110
BPL-DIV-SEC-045,Bhopal,75,130
BPL-DIV-SEC-046,Bhopal,98,130
BPL-DIV-SEC-047,Bhopal,106,100
BPL-DIV-SEC-048,Bhopal,151,130
BPL-DIV-SEC-049,Bhopal,130,100
BPL-DIV-SEC-050,Bhopal,67,130
